795228,Nadège,Abomangoli,Seine-Saint-Denis,10,La France insoumise - Nouveau Front Populaire,1043.0,1,1,F
794278,Xavier,Albertini,Marne,1,Horizons & Indépendants,1000,2,0,M
793262,Laurent,Alexandre,Aveyron,2,La France insoumise - Nouveau Front Populaire,1000,3,0,M
793992,Henri,Alfandari,Indre-et-Loire,3,Horizons & Indépendants,1000,4,0,M
841067,Alexandre,Allegret-Pilot,Gard,5,Union des droites pour la République,1000,5,0,M
840665,Marie-José,Allemand,Hautes-Alpes,1,Socialistes et apparentés,1000,6,0,F
793432,Franck,Allisio,Bouches-du-Rhône,12,Rassemblement National,1000,7,0,M
841207,Charles,Alloncle,Hérault,9,Union des droites pour la République,1048.0,8,1,M
794906,Gabriel,Amard,Rhône,6,La France insoumise - Nouveau Front Populaire,1000,9,0,M
841495,Maxime,Amblard,Meuse,1,Rassemblement National,1000,10,0,M
795950,David,Amiel,Paris,13,Ensemble pour la République,1000,11,0,M
794138,Ségolène,Amiot,Loire-Atlantique,3,La France insoumise - Nouveau Front Populaire,1102.0,12,3,F
610968,Pouria,Amirshahi,Paris,5,Écologiste et Social,1000,13,0,M
795588,Farida,Amrani,Essonne,1,La France insoumise - Nouveau Front Populaire,1013.0,14,3,F
721158,Pieyre-Alexandre,Anglade,Français établis hors de France,4,Ensemble pour la République,952.0,15,1,M
795084,Rodrigo,Arenas,Paris,10,La France insoumise - Nouveau Front Populaire,952.0,16,1,M
795144,Antoine,Armand,Haute-Savoie,2,Ensemble pour la République,1048.0,17,1,M
842105,Raphaël,Arnault,Vaucluse,1,La France insoumise - Nouveau Front Populaire,1000,18,0,M
793780,Christine,Arrighi,Haute-Garonne,9,Écologiste et Social,1000,19,0,F
722190,Gabriel,Attal,Hauts-de-Seine,10,Ensemble pour la République,1000,20,0,M
588884,Clémentine,Autain,Seine-Saint-Denis,11,Écologiste et Social,1000,21,0,F
796118,Bénédicte,Auzanot,Vaucluse,2,Rassemblement National,913.0,22,2,F
642764,Joël,Aviragnet,Haute-Garonne,8,Socialistes et apparentés,952.0,23,1,M
841701,Léa,Balage El Mariky,Paris,3,Écologiste et Social,971.0,24,3,F
719558,Erwan,Balanant,Finistère,8,Les Démocrates,959.0,25,1,M
794562,Philippe,Ballard,Oise,2,Rassemblement National,1000,26,0,M
842279,Anchya,Bamana,Mayotte,2,Rassemblement National,1006.0,27,1,F
720256,Géraldine,Bannier,Mayenne,2,Les Démocrates,1000,28,0,M
643143,Christian,Baptiste,Guadeloupe,2,Socialistes et apparentés,1048.0,29,1,M
368,Michel,Barnier,Paris,2,Droite Républicaine,1000,30,0,M
793238,Christophe,Barthès,Aude,1,Rassemblement National,952.0,31,1,M
840829,Fabrice,Barusseau,Charente-Maritime,3,Socialistes et apparentés,1000,32,0,M
267763,Jean-Pierre,Bataille,Nord,15,"Libertés, Indépendants, Outre-mer et Territoires",952.0,33,1,M
335999,Delphine,Batho,Deux-Sèvres,2,Écologiste et Social,1000,34,0,F
342415,Marie-Noëlle,Battistel,Isère,4,Socialistes et apparentés,1000,35,0,F
793374,Romain,Baubry,Bouches-du-Rhône,15,Rassemblement National,1000,36,0,M
606793,Laurent,Baumel,Indre-et-Loire,4,Socialistes et apparentés,1000,37,0,M
642847,Thibault,Bazin,Meurthe-et-Moselle,4,Droite Républicaine,1000,38,0,M
718884,Valérie,Bazin-Malgras,Aube,2,Droite Républicaine,963.0,39,4,F
793158,José,Beaurain,Aisne,4,Rassemblement National,1000,40,0,M
642935,Olivier,Becht,Haut-Rhin,5,Ensemble pour la République,1000,41,0,M
720362,Belkhir,Belhaddad,Moselle,1,Socialistes et apparentés,1000,42,0,M
795278,Béatrice,Bellamy,Vendée,2,Horizons & Indépendants,915.7170493926706,43,2,F
842211,Béatrice,Bellay,Martinique,3,Socialistes et apparentés,1050.0,44,1,F
795362,Lisa,Belluco,Vienne,1,Écologiste et Social,996.0,45,2,F
841657,Anaïs,Belouassa-Cherifi,Rhône,1,La France insoumise - Nouveau Front Populaire,1046.0,46,2,F
795454,Karim,Ben Cheikh,Français établis hors de France,9,Écologiste et Social,1000,47,0,M
841315,Karim,Benbrahim,Loire-Atlantique,1,Socialistes et apparentés,1000,48,0,M
332228,Thierry,Benoit,Ille-et-Vilaine,6,Horizons & Indépendants,1000,49,0,M
794434,Christophe,Bentz,Haute-Marne,1,Rassemblement National,1000,50,0,M
805166,Anne,Bergantz,Yvelines,2,Les Démocrates,1038.0,51,3,F
408578,Jean-Didier,Berger,Hauts-de-Seine,12,Droite Républicaine,1048.5,52,1,M
720430,Ugo,Bernalicis,Nord,2,La France insoumise - Nouveau Front Populaire,1000,53,0,M
841645,Théo,Bernhardt,Bas-Rhin,8,Rassemblement National,1000,54,0,M
687214,Sylvain,Berrios,Val-de-Marne,1,Horizons & Indépendants,1000,55,0,M
719218,Hervé,Berville,Côtes-d'Armor,2,Ensemble pour la République,1000,56,0,M
309643,Véronique,Besse,Vendée,4,Non inscrit,919.0,57,2,F
793772,Christophe,Bex,Haute-Garonne,7,La France insoumise - Nouveau Front Populaire,952.0,58,1,M
842001,Guillaume,Bigot,Territoire de Belfort,2,Rassemblement National,1000,59,0,M
720822,Bruno,Bilde,Pas-de-Calais,12,Rassemblement National,1000,60,0,M
795616,Carlos Martens,Bilongo,Val-d'Oise,8,La France insoumise - Nouveau Front Populaire,993.0,61,1,M
840997,Benoît,Biteau,Charente-Maritime,2,Écologiste et Social,1000,62,0,M
720668,Emmanuel,Blairy,Pas-de-Calais,1,Rassemblement National,1000,63,0,M
794886,Sophie,Blanc,Pyrénées-Orientales,1,Rassemblement National,861.0,64,3,F
719024,Christophe,Blanchet,Calvados,4,Les Démocrates,1000,65,0,M
774954,Anne-Laure,Blin,Maine-et-Loire,3,Droite Républicaine,1054.0,66,1,F
840889,Matthieu,Bloch,Doubs,3,Union des droites pour la République,1000,67,0,M
796042,Frédéric,Boccaletti,Var,7,Rassemblement National,1000,68,0,M
720162,Philippe,Bolo,Maine-et-Loire,7,Les Démocrates,1000,69,0,M
793444,Manuel,Bompard,Bouches-du-Rhône,4,La France insoumise - Nouveau Front Populaire,951.5,70,1,M
569,Philippe,Bonnecarrère,Tarn,1,Non inscrit,1000,71,0,M
841507,Nicolas,Bonnet,Puy-de-Dôme,3,Écologiste et Social,1000,72,0,M
719968,Sylvie,Bonnet,Loire,4,Droite Républicaine,926.0,73,2,F
841885,Arnaud,Bonnet,Seine-et-Marne,8,Écologiste et Social,1000,74,0,M
721410,Émilie,Bonnivard,Savoie,3,Droite Républicaine,995.0,75,1,F
266793,Jean-Yves,Bony,Cantal,2,Droite Républicaine,1000,76,0,M
793844,Pascale,Bordes,Gard,3,Rassemblement National,1081.0,77,3,F
642695,Éric,Bothorel,Côtes-d'Armor,5,Ensemble pour la République,1000,78,0,M
721816,Ian,Boucard,Territoire de Belfort,1,Droite Républicaine,1000,79,0,M
606507,Florent,Boudié,Gironde,10,Ensemble pour la République,1048.0,80,1,M
841487,Anthony,Boulogne,Meurthe-et-Moselle,6,Rassemblement National,1000,81,0,M
794094,Mickaël,Bouloux,Ille-et-Vilaine,8,Socialistes et apparentés,1000,82,0,M
794938,Idir,Boumertit,Rhône,14,La France insoumise - Nouveau Front Populaire,1000,83,0,M
841131,Manon,Bouquin,Hérault,4,Rassemblement National,1055.0,84,1,F
342240,Jean-Luc,Bourgeaux,Ille-et-Vilaine,7,Droite Républicaine,952.0,85,1,M
720838,Soumya,Bourouaha,Seine-Saint-Denis,4,Gauche Démocrate et Républicaine,1003.0,86,2,F
719032,Bertrand,Bouyx,Calvados,5,Horizons & Indépendants,1000,87,0,M
793182,Jorys,Bovet,Allier,2,Rassemblement National,952.0,88,1,M
795318,Louis,Boyard,Val-de-Marne,3,La France insoumise - Nouveau Front Populaire,1000,89,0,M
841339,Jean-Michel,Brard,Loire-Atlantique,9,Horizons & Indépendants,1000,90,0,M
721908,Yaël,Braun-Pivet,Yvelines,5,Ensemble pour la République,1050.0,91,1,F
795990,Maud,Bregeon,Hauts-de-Seine,13,Ensemble pour la République,1000,92,0,F
330008,Xavier,Breton,Ain,1,Droite Républicaine,1000,93,0,M
793508,Hubert,Brigand,Côte-d'Or,4,Droite Républicaine,1000,94,0,M
721336,Blandine,Brocard,Rhône,5,Les Démocrates,1048.0,95,1,F
794330,Anthony,Brosse,Loiret,5,Ensemble pour la République,952.0,96,1,M
794710,Julien,Brugerolles,Puy-de-Dôme,5,Gauche Démocrate et Républicaine,1048.5,97,1,M
719890,Danielle,Brulebois,Jura,1,Ensemble pour la République,908.0,98,1,F
718838,Fabrice,Brun,Ardèche,3,Droite Républicaine,1000,99,0,M
793624,Philippe,Brun,Eure,4,Socialistes et apparentés,1000,100,0,M
840817,Joël,Bruneau,Calvados,1,"Libertés, Indépendants, Outre-mer et Territoires",1000,101,0,M
722000,Stéphane,Buchou,Vendée,3,Ensemble pour la République,952.0,102,1,M
794798,Françoise,Buffet,Bas-Rhin,4,Ensemble pour la République,1000,103,0,F
793134,Jérôme,Buisson,Ain,4,Rassemblement National,1000,104,0,M
796106,Édouard,Bénard,Seine-Maritime,3,Gauche Démocrate et Républicaine,1000,105,0,M
841023,Pierre-Yves,Cadalen,Finistère,2,La France insoumise - Nouveau Front Populaire,1000,106,0,M
795762,Elie,Califer,Guadeloupe,4,Socialistes et apparentés,1000,107,0,M
721750,Céline,Calvez,Hauts-de-Seine,5,Ensemble pour la République,1050.0,108,1,F
608264,Colette,Capdevielle,Pyrénées-Atlantiques,5,Socialistes et apparentés,950.0,109,1,F
795330,Eléonore,Caroit,Français établis hors de France,2,Ensemble pour la République,1004.0,110,4,F
796090,Aymeric,Caron,Paris,18,La France insoumise - Nouveau Front Populaire,1000,111,0,M
793912,Sylvain,Carrière,Hérault,8,La France insoumise - Nouveau Front Populaire,1000,112,0,M
719138,Michel,Castellani,Haute-Corse,1,"Libertés, Indépendants, Outre-mer et Territoires",1000,113,0,M
840075,Eddy,Casterman,Aisne,3,Rassemblement National,1050.0,114,1,M
794554,Salvatore,Castiglione,Nord,21,"Libertés, Indépendants, Outre-mer et Territoires",1000,115,0,M
795868,Jean-Victor,Castor,Guyane,1,Gauche Démocrate et Républicaine,1000,116,0,M
842187,Gabrielle,Cathala,Val-d'Oise,6,La France insoumise - Nouveau Front Populaire,1054.0,117,1,F
842311,Vincent,Caure,Français établis hors de France,3,Ensemble pour la République,1000,118,0,M
719922,Lionel,Causse,Landes,2,Ensemble pour la République,1048.0,119,1,M
793940,Thomas,Cazenave,Gironde,1,Ensemble pour la République,1000,120,0,M
719472,Jean-René,Cazeneuve,Gers,1,Ensemble pour la République,1000,121,0,M
795864,Pierre,Cazeneuve,Hauts-de-Seine,7,Ensemble pour la République,993.0,122,1,M
841047,François-Xavier,Ceccoli,Haute-Corse,2,Droite Républicaine,1000,123,0,M
842037,Bérenger,Cernon,Essonne,8,La France insoumise - Nouveau Front Populaire,1000,124,0,M
840701,Bernard,Chaix,Alpes-Maritimes,3,Union des droites pour la République,1000,125,0,M
794008,Cyrielle,Chatelain,Isère,2,Écologiste et Social,1043.0,126,3,F
840721,Marc,Chavent,Ain,5,Union des droites pour la République,1000,127,0,M
795908,Yannick,Chenevard,Var,1,Ensemble pour la République,1000,128,0,M
720468,Sébastien,Chenu,Nord,19,Rassemblement National,1000,129,0,M
791812,Sophia,Chikirou,Paris,6,La France insoumise - Nouveau Front Populaire,1048.0,130,1,F
642868,Paul,Christophe,Nord,14,Horizons & Indépendants,1000,131,0,M
840903,Paul,Christophle,Drôme,1,Socialistes et apparentés,1000,132,0,M
794198,Roger,Chudeau,Loir-et-Cher,2,Rassemblement National,948.0,133,2,M
330240,Éric,Ciotti,Alpes-Maritimes,1,Union des droites pour la République,952.0,134,1,M
840159,Bruno,Clavet,Pas-de-Calais,3,Rassemblement National,1000,135,0,M
793736,Hadrien,Clouet,Haute-Garonne,1,La France insoumise - Nouveau Front Populaire,1000,136,0,M
841431,Nathalie,Colin-Oesterlé,Moselle,3,Horizons & Indépendants,1055.0,137,1,F
719286,Paul-André,Colombani,Corse-du-Sud,2,"Libertés, Indépendants, Outre-mer et Territoires",1000,138,0,M
793548,Caroline,Colombier,Charente,3,Rassemblement National,950.0,139,1,F
721202,Éric,Coquerel,Seine-Saint-Denis,1,La France insoumise - Nouveau Front Populaire,1048.0,140,1,M
721210,Alexis,Corbière,Seine-Saint-Denis,7,Écologiste et Social,1000,141,0,M
718850,Pierre,Cordier,Ardennes,2,Droite Républicaine,1000,142,0,M
719118,François,Cormier-Bouligeon,Cher,1,Ensemble pour la République,1036.0,143,2,M
722390,Josiane,Corneloup,Saône-et-Loire,2,Droite Républicaine,976.0,144,4,F
793520,Mickaël,Cosson,Côtes-d'Armor,1,Les Démocrates,1000,145,0,M
795136,Jean-François,Coulomme,Savoie,4,La France insoumise - Nouveau Front Populaire,1000,146,0,M
841295,Pierrick,Courbon,Loire,1,Socialistes et apparentés,1000,147,0,M
793716,Laurent,Croizier,Doubs,1,Les Démocrates,1000,148,0,M
793322,Christelle,D'Intorni,Alpes-Maritimes,5,Union des droites pour la République,1000,149,0,F
795644,Nathalie,Da Conceicao Carvalho,Essonne,2,Rassemblement National,914.0,150,3,F
332523,Marie-Christine,Dalloz,Jura,2,Droite Républicaine,964.0,151,2,F
719914,Geneviève,Darrieussecq,Landes,1,Les Démocrates,866.0,152,3,F
793122,Romain,Daubié,Ain,2,Les Démocrates,1048.5,153,1,M
793452,Hendrik,Davi,Bouches-du-Rhône,5,Écologiste et Social,1000,154,0,M
1008,Alain,David,Gironde,4,Socialistes et apparentés,952.0,155,1,M
840119,Sandra,Delannoy,Nord,3,Rassemblement National,958.0,156,1,F
793394,Arthur,Delaporte,Calvados,2,Socialistes et apparentés,1048.0,157,1,M
795430,Stéphane,Delautrette,Haute-Vienne,2,Socialistes et apparentés,952.0,158,1,M
793464,Sébastien,Delogu,Bouches-du-Rhône,7,La France insoumise - Nouveau Front Populaire,1000,159,0,M
794982,Julie,Delpech,Sarthe,1,Ensemble pour la République,1079.0,160,2,F
330909,Vincent,Descoeur,Cantal,1,Droite Républicaine,952.0,161,1,M
793166,Jocelyn,Dessigny,Aisne,5,Rassemblement National,1000,162,0,M
794042,Sylvie,Dezarnaud,Isère,7,Droite Républicaine,997.0,163,2,F
720386,Fabien,Di Filippo,Moselle,4,Droite Républicaine,1000,164,0,M
793928,Edwige,Diaz,Gironde,11,Rassemblement National,1054.0,165,1,F
841919,Dieynaba,Diop,Yvelines,9,Socialistes et apparentés,982.0,166,2,F
842155,Aly,Diouara,Seine-Saint-Denis,5,La France insoumise - Nouveau Front Populaire,1000,167,0,M
722382,Benjamin,Dirx,Saône-et-Loire,1,Ensemble pour la République,1000,169,0,M
712015,Julien,Dive,Aisne,2,Droite Républicaine,1000,169,0,M
794762,Sandrine,Dogor-Such,Pyrénées-Orientales,3,Rassemblement National,1000,170,0,F
606573,Fanny,Dombre Coste,Hérault,3,Socialistes et apparentés,1000,171,0,F
793146,Nicolas,Dragon,Aisne,1,Rassemblement National,1000,172,0,M
720154,Nicole,Dubré-Chirat,Maine-et-Loire,6,Ensemble pour la République,1000,173,0,F
608826,Virginie,Duby-Muller,Haute-Savoie,4,Droite Républicaine,958.0,174,1,F
841633,Peio,Dufau,Pyrénées-Atlantiques,6,Socialistes et apparentés,1000,175,0,M
840135,Alexandre,Dufosset,Nord,18,Rassemblement National,952.0,176,1,M
795200,Alma,Dufour,Seine-Maritime,4,La France insoumise - Nouveau Front Populaire,1046.0,177,3,F
841351,Emmanuel,Duplessy,Loiret,2,Écologiste et Social,1000,178,0,M
643175,Stella,Dupont,Maine-et-Loire,2,Non inscrit,1124.0,179,1,F
842073,Gaëtan,Dussausaye,Vosges,2,Rassemblement National,1000,180,0,M
841761,Aurélien,Dutremble,Saône-et-Loire,3,Rassemblement National,950.0,181,1,M
794854,Inaki,Echaniz,Pyrénées-Atlantiques,4,Socialistes et apparentés,1000,182,0,M
794718,Christine,Engrand,Pas-de-Calais,6,Non inscrit,948.0,183,2,F
795844,Karen,Erodi,Tarn,2,La France insoumise - Nouveau Front Populaire,956.0,184,3,F
607193,Sophie,Errante,Loire-Atlantique,10,Non inscrit,999.0,185,3,F
842195,Romain,Eskenazi,Val-d'Oise,7,Socialistes et apparentés,1000,186,0,M
841621,Auguste,Evrard,Pas-de-Calais,8,Rassemblement National,1000,187,0,M
794658,Philippe,Fait,Pas-de-Calais,4,Horizons & Indépendants,1000,188,0,M
793246,Frédéric,Falcon,Aude,2,Rassemblement National,1048.5,189,1,M
605694,Olivier,Falorni,Charente-Maritime,1,Les Démocrates,1000,190,0,M
721896,Elsa,Faucillon,Hauts-de-Seine,1,Gauche Démocrate et Républicaine,1034.0,191,3,F
609332,Olivier,Faure,Seine-et-Marne,11,Socialistes et apparentés,1004.0,192,2,M
267042,Yannick,Favennec-Bécot,Mayenne,3,"Libertés, Indépendants, Outre-mer et Territoires",1000,193,0,M
840773,Olivier,Fayssat,Bouches-du-Rhône,6,Union des droites pour la République,1000,194,0,M
841251,Mathilde,Feld,Gironde,12,La France insoumise - Nouveau Front Populaire,950.0,195,1,F
794786,Emmanuel,Fernandes,Bas-Rhin,2,La France insoumise - Nouveau Front Populaire,1000,196,0,M
795120,Marina,Ferrari,Savoie,1,Les Démocrates,1000,197,0,F
794870,Sylvie,Ferrer,Hautes-Pyrénées,1,La France insoumise - Nouveau Front Populaire,1000,198,0,F
719938,Marc,Fesneau,Loir-et-Cher,1,Les Démocrates,1000,199,0,M
267780,Agnès,Firmin Le Bodo,Seine-Maritime,7,Horizons & Indépendants,1035.0,200,3,F
722134,Jean-Marie,Fiévet,Deux-Sèvres,3,Ensemble pour la République,1000,201,0,M
840143,Guillaume,Florquin,Nord,20,Rassemblement National,1000,202,0,M
1327,Nicolas,Forissier,Indre,2,Droite Républicaine,1000,203,0,M
840801,Emmanuel,Fouquart,Bouches-du-Rhône,13,Rassemblement National,1000,204,0,M
793980,Charles,Fournier,Indre-et-Loire,1,Écologiste et Social,1000,205,0,M
794678,Thierry,Frappé,Pas-de-Calais,10,Rassemblement National,1000,206,0,M
822617,Martine,Froger,Ariège,1,,919.0,207,2,F
840235,Moerani,Frébault,Polynésie Française,1,Ensemble pour la République,1000,208,0,M
722284,Bruno,Fuchs,Haut-Rhin,6,Les Démocrates,1000,209,0,M
722366,Jean-Luc,Fugit,Rhône,11,Ensemble pour la République,1000,210,0,M
841665,Denis,Fégné,Hautes-Pyrénées,2,Socialistes et apparentés,950.0,211,1,M
841139,Julien,Gabarron,Hérault,6,Rassemblement National,1000,212,0,M
796070,Perceval,Gaillard,Réunion,7,La France insoumise - Nouveau Front Populaire,1000,213,0,M
719736,Camille,Galliard-Minier,Isère,1,Ensemble pour la République,1000,214,0,F
793892,Stéphanie,Galzy,Hérault,5,Rassemblement National,1064.0,215,5,F
795010,Marie-Charlotte,Garin,Rhône,3,Écologiste et Social,1046.0,216,2,F
333285,Guillaume,Garot,Mayenne,1,Socialistes et apparentés,1000,217,0,M
722358,Thomas,Gassilloud,Rhône,10,Ensemble pour la République,1000,218,0,M
721024,Anne,Genetet,Français établis hors de France,11,Ensemble pour la République,1050.0,219,1,F
794234,François,Gernigon,Maine-et-Loire,1,Horizons & Indépendants,1000,220,0,M
841737,Jonathan,Gery,Rhône,8,Rassemblement National,952.0,221,1,M
796034,Frank,Giletti,Var,6,Rassemblement National,1000,222,0,M
793832,Yoann,Gillet,Gard,1,Rassemblement National,952.0,223,1,M
793102,Christian,Girard,Alpes-de-Haute-Provence,1,Rassemblement National,1000,224,0,M
841419,Damien,Girard,Morbihan,5,Écologiste et Social,1000,225,0,M
718674,Olga,Givernet,Ain,3,Ensemble pour la République,950.0,226,1,F
840939,Océane,Godard,Côte-d'Or,1,Socialistes et apparentés,1081.0,227,3,F
841539,Julien,Gokel,Nord,13,Socialistes et apparentés,1000,228,0,M
841605,Antoine,Golliot,Pas-de-Calais,5,Rassemblement National,1000,229,0,M
793362,José,Gonzalez,Bouches-du-Rhône,10,Rassemblement National,1000,230,0,M
266797,Philippe,Gosselin,Manche,1,Droite Républicaine,1000,231,0,M
331973,Pascale,Got,Gironde,5,Socialistes et apparentés,1000,232,0,F
721296,Guillaume,Gouffier Valente,Val-de-Marne,6,Ensemble pour la République,1000,233,0,M
794418,Florence,Goulet,Meuse,2,Rassemblement National,960.0,234,3,F
720560,Perrine,Goulet,Nièvre,1,Les Démocrates,963.0,235,3,F
793592,Géraldine,Grangier,Doubs,4,Rassemblement National,961.0,236,3,F
267318,Jean-Carles,Grelier,Sarthe,5,Les Démocrates,1047.0,237,2,M
795540,Daniel,Grenon,Yonne,1,Non inscrit,1000,238,0,M
840757,Monique,Griseti,Bouches-du-Rhône,1,Rassemblement National,995.0,239,2,F
794058,Justine,Gruet,Jura,3,Droite Républicaine,1003.0,240,2,F
840171,Emmanuel,Grégoire,Paris,7,Socialistes et apparentés,1000,241,0,M
721764,Olivia,Grégoire,Paris,12,Ensemble pour la République,1034.0,242,3,F
1567,Jérôme,Guedj,Essonne,6,Socialistes et apparentés,1000,243,0,M
795310,Clémence,Guetté,Val-de-Marne,2,La France insoumise - Nouveau Front Populaire,1048.0,244,1,F
841451,Julien,Guibert,Nièvre,2,Rassemblement National,1000,245,0,M
794734,Michel,Guiniot,Oise,6,Rassemblement National,1000,246,0,M
794478,David,Guiraud,Nord,8,La France insoumise - Nouveau Front Populaire,1000,247,0,M
793218,Jordan,Guitton,Aube,1,Rassemblement National,1000,248,0,M
795258,Frantz,Gumbs,Saint-Barthélemy et Saint-Martin,1,Les Démocrates,1000,250,0,M
842013,Steevy,Gustave,Essonne,3,Écologiste et Social,1048.0,250,1,M
794470,Félicie,Gérard,Nord,7,Horizons & Indépendants,1000,251,0,M
1592,David,Habib,Pyrénées-Atlantiques,3,"Libertés, Indépendants, Outre-mer et Territoires",1000,252,0,M
841471,Stéphane,Hablot,Meurthe-et-Moselle,2,Socialistes et apparentés,1000,253,0,M
842263,Ayda,Hadizadeh,Val-d'Oise,2,Socialistes et apparentés,1082.0,254,4,F
841947,Zahia,Hamdane,Somme,2,La France insoumise - Nouveau Front Populaire,908.0,255,1,F
795900,Marine,Hamelet,Tarn-et-Garonne,2,Rassemblement National,1035.0,256,3,F
722070,Pierre,Henriet,Vendée,5,Horizons & Indépendants,1000,257,0,M
1630,Michel,Herbillon,Val-de-Marne,8,Droite Républicaine,1000,258,0,M
841813,Florence,Herouin-Léautey,Seine-Maritime,1,Socialistes et apparentés,949.0,259,5,F
841853,Céline,Hervieu,Paris,11,Socialistes et apparentés,1048.0,260,1,F
840947,Catherine,Hervieu,Côte-d'Or,2,Écologiste et Social,945.0,261,1,F
608416,Patrick,Hetzel,Bas-Rhin,7,Droite Républicaine,1000,262,0,M
794082,Mathilde,Hignet,Ille-et-Vilaine,4,La France insoumise - Nouveau Front Populaire,1073.0,263,3,F
841709,Emmanuelle,Hoffman,Paris,4,Ensemble pour la République,967.0,264,4,F
1654,François,Hollande,Corrèze,1,Socialistes et apparentés,1000,265,0,M
722150,Sacha,Houlié,Vienne,2,Socialistes et apparentés,1000,266,0,M
793632,Timothée,Houssin,Eure,5,Rassemblement National,1000,267,0,M
842085,Sébastien,Humbert,Vosges,4,Rassemblement National,1000,268,0,M
841017,Harold,Huwart,Eure-et-Loir,3,"Libertés, Indépendants, Outre-mer et Territoires",1000,269,0,M
267200,Sébastien,Huyghe,Nord,5,Ensemble pour la République,1000,270,0,M
794022,Jérémie,Iordanoff,Isère,5,Écologiste et Social,1000,271,0,M
722374,Cyrille,Isaac-Sibille,Rhône,12,Les Démocrates,952.0,272,1,M
794598,Laurent,Jacobelli,Moselle,8,Rassemblement National,1000,273,0,M
720354,Jean-Michel,Jacques,Morbihan,6,Ensemble pour la République,1000,274,0,M
842117,Vincent,Jeanbrun,Val-de-Marne,7,Droite Républicaine,951.5,275,1,M
841439,Pascal,Jenft,Moselle,5,Rassemblement National,1000,276,0,M
719778,François,Jolivet,Indre,1,Horizons & Indépendants,1000,277,0,M
794030,Alexis,Jolly,Isère,6,Rassemblement National,1000,278,0,M
841749,Tiffany,Joncour,Rhône,13,Rassemblement National,1000,279,0,F
841075,Sylvie,Josserand,Gard,6,Rassemblement National,1030.0,280,3,F
720038,Sandrine,Josso,Loire-Atlantique,7,Les Démocrates,1087.0,281,2,F
840869,Florence,Joubert,Dordogne,3,Rassemblement National,1000,283,0,F
643192,Chantal,Jourdan,Orne,1,Socialistes et apparentés,965.0,283,3,F
346782,Philippe,Juvin,Hauts-de-Seine,3,Droite Républicaine,1048.0,284,1,M
795998,Émeline,K/Bidi,Réunion,4,Gauche Démocrate et Républicaine,915.0,285,2,F
335054,Marietta,Karamanli,Sarthe,2,Socialistes et apparentés,1000,286,0,F
719372,Guillaume,Kasbarian,Eure-et-Loir,1,Ensemble pour la République,1000,287,0,M
795156,Fatiha,Keloua Hachi,Seine-Saint-Denis,8,Socialistes et apparentés,1000,288,0,F
794130,Andy,Kerbrat,Loire-Atlantique,2,La France insoumise - Nouveau Front Populaire,1000,289,0,M
719052,Loïc,Kervran,Cher,3,Horizons & Indépendants,1000,290,0,M
643184,Brigitte,Klinkert,Haut-Rhin,1,Ensemble pour la République,914.0,291,2,F
719798,Daniel,Labaronne,Indre-et-Loire,2,Ensemble pour la République,1000,292,0,M
720846,Bastien,Lachaud,Seine-Saint-Denis,6,La France insoumise - Nouveau Front Populaire,1000,293,0,M
719282,Xavier,Lacombe,Corse-du-Sud,1,Horizons & Indépendants,1000,294,0,M
794146,Julie,Laernoes,Loire-Atlantique,4,Écologiste et Social,926.0,295,2,F
841223,Tristan,Lahais,Ille-et-Vilaine,2,Écologiste et Social,1000,296,0,M
841729,Abdelkader,Lahmar,Rhône,7,La France insoumise - Nouveau Front Populaire,952.0,297,1,M
795516,Maxime,Laisney,Seine-et-Marne,10,La France insoumise - Nouveau Front Populaire,1047.0,298,2,M
721004,Amélia,Lakrafi,Français établis hors de France,10,Ensemble pour la République,972.0,299,3,F
842125,Thomas,Lam,Hauts-de-Seine,2,Horizons & Indépendants,1000,300,0,M
794354,Hélène,Laporte,Lot-et-Garonne,2,Rassemblement National,1043.0,301,2,F
721984,Philippe,Latombe,Vendée,1,Les Démocrates,1000,302,0,M
720022,Michel,Lauzzana,Lot-et-Garonne,1,Ensemble pour la République,1000,303,0,M
795912,Laure,Lavalette,Var,2,Rassemblement National,1000,304,0,F
841837,Robert,Le Bourgeois,Seine-Maritime,10,Rassemblement National,1000,305,0,M
841515,Aurélien,Le Coq,Nord,1,La France insoumise - Nouveau Front Populaire,1048.0,306,1,M
719412,Sandrine,Le Feur,Finistère,4,Ensemble pour la République,1000,307,0,F
840979,Corentin,Le Fur,Côtes-d'Armor,3,Droite Républicaine,1048.0,308,1,M
719404,Didier,Le Gac,Finistère,3,Ensemble pour la République,1000,309,0,M
795672,Arnaud,Le Gall,Val-d'Oise,9,La France insoumise - Nouveau Front Populaire,1000,310,0,M
345722,Constance,Le Grip,Hauts-de-Seine,6,Ensemble pour la République,950.0,311,1,F
794426,Anne,Le Hénanff,Morbihan,1,Horizons & Indépendants,996.0,312,2,F
719388,Annaïg,Le Meur,Finistère,1,Ensemble pour la République,1050.0,313,1,F
719756,Christine,Le Nabour,Ille-et-Vilaine,5,Ensemble pour la République,1000,315,0,F
720342,Nicole,Le Peih,Morbihan,3,Ensemble pour la République,928.0,315,2,F
720614,Marine,Le Pen,Pas-de-Calais,11,Rassemblement National,1030.0,316,1,F
721852,Marie,Lebec,Yvelines,4,Ensemble pour la République,1059.0,317,1,F
774962,Karine,Lebon,Réunion,2,Gauche Démocrate et Républicaine,975.0,318,3,F
795108,Élise,Leboucher,Sarthe,4,La France insoumise - Nouveau Front Populaire,970.0,319,4,F
795374,Pascal,Lecamp,Vienne,3,Les Démocrates,1000,320,0,M
796026,Julie,Lechanteux,Var,5,Rassemblement National,1055.0,321,1,F
840857,Nadine,Lechon,Dordogne,1,Rassemblement National,979.0,322,1,F
335612,Jean-Paul,Lecoq,Seine-Maritime,8,Gauche Démocrate et Républicaine,1000,323,0,M
712014,Vincent,Ledoux,Nord,10,Ensemble pour la République,1000,324,0,M
795386,Mathieu,Lefèvre,Val-de-Marne,5,Ensemble pour la République,1000,325,0,M
795298,Jérôme,Legavre,Seine-Saint-Denis,12,La France insoumise - Nouveau Front Populaire,1048.0,326,1,M
791824,Sarah,Legrain,Paris,16,La France insoumise - Nouveau Front Populaire,1108.0,327,3,F
842029,Claire,Lejeune,Essonne,7,La France insoumise - Nouveau Front Populaire,1050.0,328,1,F
793290,Gisèle,Lelouis,Bouches-du-Rhône,3,Rassemblement National,990.0,329,1,F
794838,Didier,Lemaire,Haut-Rhin,3,Horizons & Indépendants,1000,330,0,M
840983,Bartolomé,Lenoir,Creuse,1,Union des droites pour la République,1000,331,0,M
795244,Stéphane,Lenormand,Saint-Pierre-et-Miquelon,1,"Libertés, Indépendants, Outre-mer et Territoires",1000,332,0,M
695512,Guillaume,Lepers,Lot-et-Garonne,3,Droite Républicaine,1000,333,0,M
793532,Murielle,Lepvraud,Côtes-d'Armor,4,La France insoumise - Nouveau Front Populaire,1007.0,334,2,F
721134,Roland,Lescure,Français établis hors de France,1,Ensemble pour la République,1000,335,0,M
774958,Gérard,Leseul,Seine-Maritime,5,Socialistes et apparentés,1000,336,0,M
841601,Pauline,Levasseur,Pas-de-Calais,2,Ensemble pour la République,1080.0,337,2,F
793608,Katiana,Levavasseur,Eure,2,Rassemblement National,1004.2829506073294,338,2,F
840765,Laurent,Lhardit,Bouches-du-Rhône,2,Socialistes et apparentés,1000,339,0,M
794750,Thierry,Liger,Orne,2,Droite Républicaine,1000,340,0,M
841873,Julien,Limongi,Seine-et-Marne,4,Rassemblement National,1000,341,0,M
794702,Delphine,Lingemann,Puy-de-Dôme,4,Les Démocrates,1000,342,0,F
840967,René,Lioret,Côte-d'Or,5,Rassemblement National,1000,343,0,M
720446,Brigitte,Liso,Nord,4,Ensemble pour la République,908.0,344,2,F
642725,Eric,Liégeon,Doubs,5,Droite Républicaine,1000,345,0,M
793672,Christine,Loir,Eure,1,Rassemblement National,1030.0,346,2,F
793904,Aurélien,Lopez-Liguori,Hérault,7,Rassemblement National,1048.0,347,1,M
721932,Marie-France,Lorho,Vaucluse,4,Rassemblement National,955.0,348,3,F
795974,Philippe,Lottiaux,Var,4,Rassemblement National,1000,349,0,M
794590,Alexandre,Loubet,Moselle,7,Rassemblement National,1000,350,0,M
795636,Benjamin,Lucas-Lundy,Yvelines,8,Écologiste et Social,1000,351,0,M
795746,Antoine,Léaument,Essonne,10,La France insoumise - Nouveau Front Populaire,1048.0,352,1,M
720230,Lise,Magnier,Marne,4,Horizons & Indépendants,1069.0,353,3,F
841587,David,Magnier,Oise,7,Rassemblement National,1000,354,0,M
717379,Sylvain,Maillard,Paris,1,Ensemble pour la République,1000,355,0,M
796010,Frédéric,Maillot,Réunion,6,Gauche Démocrate et Républicaine,1000,356,0,M
794114,Emmanuel,Mandon,Loire,3,Les Démocrates,1050.0,357,1,M
841183,Hanane,Mansouri,Isère,8,Union des droites pour la République,1003.0,358,3,F
841563,Claire,Marais-Beuil,Oise,1,Rassemblement National,906.0,359,2,F
794530,Matthieu,Marchio,Nord,16,Rassemblement National,1048.0,360,1,M
795730,Bastien,Marchive,Deux-Sèvres,1,Ensemble pour la République,1000,361,0,M
794206,Christophe,Marion,Loir-et-Cher,3,Ensemble pour la République,1000,362,0,M
840837,Pascal,Markowsky,Charente-Maritime,4,Rassemblement National,1000,363,0,M
719080,Sandra,Marsaud,Charente,2,Ensemble pour la République,1050.0,364,1,F
342384,Élisa,Martin,Isère,3,La France insoumise - Nouveau Front Populaire,1086.0,365,2,F
870010,Sébastien,Martin,Saône-et-Loire,5,Droite Républicaine,1000,366,0,M
841825,Patrice,Martin,Seine-Maritime,6,Rassemblement National,1000,367,0,M
793342,Alexandra,Martin,Alpes-Maritimes,8,Droite Républicaine,1000,368,0,F
795100,Éric,Martineau,Sarthe,3,Les Démocrates,1000,369,0,M
794770,Michèle,Martinez,Pyrénées-Orientales,4,Rassemblement National,1050.0,370,1,F
793314,Alexandra,Masson,Alpes-Maritimes,4,Rassemblement National,1005.0,371,2,F
793330,Bryan,Masson,Alpes-Maritimes,6,Rassemblement National,1000,373,0,M
720146,Denis,Masséglia,Maine-et-Loire,5,Ensemble pour la République,1000,373,0,M
720976,Max,Mathiasin,Guadeloupe,3,"Libertés, Indépendants, Outre-mer et Territoires",995.0,374,2,M
720728,Jean-Paul,Mattei,Pyrénées-Atlantiques,2,Les Démocrates,1000,375,0,M
795422,Damien,Maudet,Haute-Vienne,1,La France insoumise - Nouveau Front Populaire,1000,376,0,M
842271,Emmanuel,Maurel,Val-d'Oise,3,Gauche Démocrate et Républicaine,1000,377,0,M
793616,Kévin,Mauvieux,Eure,3,Rassemblement National,1048.0,378,1,M
794686,Marianne,Maximi,Puy-de-Dôme,1,La France insoumise - Nouveau Front Populaire,952.0,379,1,F
677483,Stéphane,Mazars,Aveyron,1,Ensemble pour la République,1000,380,0,M
841931,Laurent,Mazaury,Yvelines,11,"Libertés, Indépendants, Outre-mer et Territoires",951.5,381,1,M
719436,Nicolas,Meizonnet,Gard,2,Rassemblement National,1000,382,0,M
719338,Graziella,Melchior,Finistère,5,Ensemble pour la République,990.0,383,3,F
720370,Ludovic,Mendes,Moselle,2,Ensemble pour la République,951.5,384,1,M
841463,Estelle,Mercier,Meurthe-et-Moselle,1,Socialistes et apparentés,889.0,385,4,F
841215,Marie,Mesmeur,Ille-et-Vilaine,1,La France insoumise - Nouveau Front Populaire,1000,386,0,F
719640,Sophie,Mette,Gironde,9,Les Démocrates,941.0,387,4,F
795176,Nicolas,Metzdorf,Nouvelle-Calédonie,1,Ensemble pour la République,1000,388,0,M
719272,Frédérique,Meunier,Corrèze,2,Droite Républicaine,997.0,389,2,F
795482,Manon,Meunier,Haute-Vienne,3,La France insoumise - Nouveau Front Populaire,1083.0,390,5,F
793852,Pierre,Meurin,Gard,4,Rassemblement National,951.5,391,1,M
841395,Maxime,Michelet,Marne,3,Union des droites pour la République,1000,392,0,M
841769,Éric,Michoux,Saône-et-Loire,4,Union des droites pour la République,1000,393,0,M
795664,Paul,Midy,Essonne,5,Ensemble pour la République,1000,394,0,M
817203,Laure,Miller,Marne,2,Ensemble pour la République,1091.0,395,3,F
643104,Christelle,Minard,Eure-et-Loir,2,Droite Républicaine,950.0,396,1,F
795962,Joséphine,Missoffe,Paris,14,Ensemble pour la République,1000,397,0,F
607619,Paul,Molac,Morbihan,4,"Libertés, Indépendants, Outre-mer et Territoires",1000,398,0,M
793174,Yannick,Monnet,Allier,1,Gauche Démocrate et Républicaine,1000,399,0,M
840915,Thibaut,Monnier,Drôme,4,Rassemblement National,1000,400,0,M
794810,Louise,Morel,Bas-Rhin,6,Les Démocrates,1000,401,0,F
794466,Jean,Moulliere,Nord,6,Horizons & Indépendants,1000,402,0,M
720908,Naïma,Moutchou,Val-d'Oise,4,Horizons & Indépendants,998.0,403,4,F
793696,Serge,Muller,Dordogne,2,Rassemblement National,952.0,404,1,M
793354,Joëlle,Mélin,Bouches-du-Rhône,9,Rassemblement National,954.0,405,1,F
795786,Yaël,Ménaché,Somme,5,Rassemblement National,997.0,406,3,F
794322,Thomas,Ménagé,Loiret,4,Rassemblement National,952.0,407,1,M
795820,Marcellin,Nadeau,Martinique,2,Gauche Démocrate et Républicaine,1000,408,0,M
721486,Christophe,Naegelen,Vosges,3,"Libertés, Indépendants, Outre-mer et Territoires",952.0,409,1,M
643157,Philippe,Naillet,Réunion,1,Socialistes et apparentés,1000,410,0,M
610654,Jean-Philippe,Nilor,Martinique,4,La France insoumise - Nouveau Front Populaire,952.0,411,1,M
841191,Sandrine,Nosbé,Isère,9,La France insoumise - Nouveau Front Populaire,955.0,412,3,F
720644,Jérôme,Nury,Orne,3,Droite Républicaine,1000,413,0,M
841107,Jacques,Oberti,Haute-Garonne,10,Socialistes et apparentés,951.5,414,1,M
721960,Danièle,Obono,Paris,17,La France insoumise - Nouveau Front Populaire,952.0,415,1,F
795552,Julien,Odoul,Yonne,3,Rassemblement National,1048.0,416,1,M
795722,Karl,Olive,Yvelines,12,Ensemble pour la République,1000,417,0,M
794830,Hubert,Ott,Haut-Rhin,2,Les Démocrates,1000,418,0,M
842045,Julie,Ozenne,Essonne,9,Écologiste et Social,1043.0,419,2,F
793872,Nathalie,Oziol,Hérault,2,La France insoumise - Nouveau Front Populaire,1045.0,420,1,F
720334,Jimmy,Pahun,Morbihan,2,Les Démocrates,1000,421,0,M
793210,Laurent,Panifous,Ariège,2,"Libertés, Indépendants, Outre-mer et Territoires",1000,422,0,M
719632,Sophie,Panonacle,Gironde,8,Ensemble pour la République,952.0,423,1,F
720892,Mathilde,Panot,Val-de-Marne,10,La France insoumise - Nouveau Front Populaire,987.0,424,2,F
841381,Sophie,Pantel,Lozère,1,Socialistes et apparentés,999.0,425,5,F
794670,Caroline,Parmentier,Pas-de-Calais,9,Rassemblement National,945.0,426,3,F
793398,Jérémie,Patrier-Leitus,Calvados,3,Horizons & Indépendants,1000,427,0,M
718784,Éric,Pauget,Alpes-Maritimes,7,Droite Républicaine,952.0,428,1,M
840793,Marc,Pena,Bouches-du-Rhône,11,Socialistes et apparentés,1000,429,0,M
841199,Thierry,Perez,Isère,10,Rassemblement National,1048.0,430,1,M
721442,Christelle,Petex,Haute-Savoie,3,Droite Républicaine,1006.0,431,2,F
721182,Frédéric,Petit,Français établis hors de France,7,Les Démocrates,1000,432,0,M
721234,Maud,Petit,Val-de-Marne,4,Les Démocrates,950.0,433,1,F
721270,Stéphane,Peu,Seine-Saint-Denis,2,Gauche Démocrate et Républicaine,1000,434,0,M
793708,Sébastien,Peytavie,Dordogne,4,Écologiste et Social,1000,435,0,M
794582,Kévin,Pfeffer,Moselle,6,Rassemblement National,1000,436,0,M
794270,Anna,Pic,Manche,4,Socialistes et apparentés,1048.0,437,1,F
817211,René,Pilato,Charente,1,La France insoumise - Nouveau Front Populaire,1000,438,0,M
793756,François,Piquemal,Haute-Garonne,4,La France insoumise - Nouveau Front Populaire,969.0,439,1,M
721844,Béatrice,Piron,Yvelines,3,Horizons & Indépendants,1000,440,0,F
608172,Christine,Pirès Beaune,Puy-de-Dôme,2,Socialistes et apparentés,1052.0,441,2,F
793572,Christophe,Plassard,Charente-Maritime,5,Horizons & Indépendants,1048.0,442,1,M
793664,Marie,Pochon,Drôme,3,Écologiste et Social,1040.0,443,1,F
793656,Lisette,Pollet,Drôme,2,Rassemblement National,964.0,444,5,F
719528,Jean-François,Portarrieu,Haute-Garonne,5,Horizons & Indépendants,1000,445,0,M
796062,Thomas,Portes,Seine-Saint-Denis,3,La France insoumise - Nouveau Front Populaire,1000,446,0,M
794994,Alexandre,Portier,Rhône,9,Droite Républicaine,1048.5,447,1,M
607553,Dominique,Potier,Meurthe-et-Moselle,5,Socialistes et apparentés,952.0,448,1,M
720720,Josy,Poueyto,Pyrénées-Atlantiques,1,Les Démocrates,954.0,449,1,F
795270,Marie-Agnès,Poussier-Winsback,Seine-Maritime,9,Horizons & Indépendants,1000,450,0,F
721916,Natalia,Pouzyreff,Yvelines,6,Ensemble pour la République,989.0,451,3,F
720100,Aurélien,Pradié,Lot,1,Non inscrit,1048.0,452,1,M
840955,Pierre,Pribetich,Côte-d'Or,3,Socialistes et apparentés,952.0,453,1,M
841367,Christophe,Proença,Lot,2,Socialistes et apparentés,1000,454,0,M
719578,Loïc,Prud'homme,Gironde,3,La France insoumise - Nouveau Front Populaire,1000,455,0,M
795966,Stéphane,Rambaud,Var,3,Rassemblement National,1000,456,0,M
720092,Richard,Ramos,Loiret,6,Les Démocrates,951.5,457,1,M
793230,Angélique,Ranc,Aube,3,Rassemblement National,1057.0,458,1,F
793254,Julien,Rancoule,Aude,3,Rassemblement National,1000,459,0,M
721062,Jean-Hugues,Ratenon,Réunion,5,La France insoumise - Nouveau Front Populaire,1000,460,0,M
720552,Isabelle,Rauch,Moselle,9,Horizons & Indépendants,1000,462,0,F
794154,Jean-Claude,Raux,Loire-Atlantique,6,Écologiste et Social,1000,462,0,M
793094,Nicolas,Ray,Allier,3,Droite Républicaine,1048.0,463,1,M
794778,Sandra,Regol,Bas-Rhin,1,Écologiste et Social,1090.0,464,2,F
795240,Mereana,Reid Arbelot,Polynésie Française,3,Gauche Démocrate et Républicaine,1000,465,0,F
841955,Matthias,Renault,Somme,3,Rassemblement National,1000,466,0,M
840657,Sophie,Ricourt Vaginay,Alpes-de-Haute-Provence,2,Union des droites pour la République,1000,467,0,F
335758,Franck,Riester,Seine-et-Marne,5,Ensemble pour la République,1000,468,0,M
795876,Davy,Rimane,Guyane,2,Gauche Démocrate et Républicaine,1000,469,0,M
841981,Catherine,Rimbert,Vaucluse,5,Rassemblement National,996.0,470,2,F
721426,Véronique,Riotton,Haute-Savoie,1,Ensemble pour la République,952.0,471,1,F
720066,Stéphanie,Rist,Loiret,1,Ensemble pour la République,1000,472,0,F
842227,Joseph,Rivière,Réunion,3,Rassemblement National,1000,473,0,M
722252,Marie-Pierre,Rixain,Essonne,4,Ensemble pour la République,1000.0,474,2,F
794442,Laurence,Robert-Dehault,Haute-Marne,2,Rassemblement National,956.0,475,3,F
795528,Charles,Rodwell,Yvelines,1,Ensemble pour la République,1000,476,0,M
266808,Vincent,Rolland,Savoie,2,Droite Républicaine,1000,477,0,M
841927,Anne-Sophie,Ronceret,Yvelines,10,Ensemble pour la République,920.0,478,3,F
721458,Xavier,Roseren,Haute-Savoie,6,Horizons & Indépendants,1000,479,0,M
840673,Valérie,Rossi,Hautes-Alpes,2,Socialistes et apparentés,1000,480,0,F
342196,Claudia,Rouaux,Ille-et-Vilaine,3,Socialistes et apparentés,958.0,481,3,F
795410,Béatrice,Roullaud,Seine-et-Marne,6,Rassemblement National,960.0,482,1,F
606545,Jean-Louis,Roumégas,Hérault,1,Écologiste et Social,1000,483,0,M
795076,Sandrine,Rousseau,Paris,9,Écologiste et Social,1048.5,484,1,F
826635,Aurélien,Rousseau,Yvelines,7,Socialistes et apparentés,1000,485,0,M
841327,Fabrice,Roussel,Loire-Atlantique,5,Socialistes et apparentés,1000,486,0,M
795888,Marie-Ange,Rousselot,Français établis hors de France,6,Ensemble pour la République,1064.0,487,2,F
793270,Jean-François,Rousset,Aveyron,3,Ensemble pour la République,1000,488,0,M
842097,Sophie-Laurence,Roy,Yonne,2,Rassemblement National,988.0,489,3,F
722142,François,Ruffin,Somme,1,Écologiste et Social,1000,490,0,M
841717,Sandrine,Runel,Rhône,4,Socialistes et apparentés,1000,491,0,F
341981,Marie,Récalde,Gironde,6,Socialistes et apparentés,1073.0,492,3,F
794894,Anaïs,Sabatini,Pyrénées-Orientales,2,Rassemblement National,992.0,493,2,F
794570,Alexandre,Sabatou,Oise,3,Rassemblement National,1000,494,0,M
841845,Arnaud,Saint-Martin,Seine-et-Marne,1,La France insoumise - Nouveau Front Populaire,1090.0,495,2,M
841243,Sébastien,Saint-Pasteur,Gironde,7,Socialistes et apparentés,1000,496,0,M
720138,Laetitia,Saint-Paul,Maine-et-Loire,4,Horizons & Indépendants,1048.0,497,1,F
795982,Aurélien,Saintoul,Hauts-de-Seine,11,La France insoumise - Nouveau Front Populaire,1000,498,0,M
794954,Emeric,Salmon,Haute-Saône,2,Rassemblement National,1000,499,0,M
721110,Nicole,Sanquer,Polynésie Française,2,"Libertés, Indépendants, Outre-mer et Territoires",1000,500,0,F
605745,Nicolas,Sansu,Cher,2,Gauche Démocrate et Républicaine,1000,501,0,M
774960,Isabelle,Santiago,Val-de-Marne,9,Socialistes et apparentés,908.0,502,2,F
610002,Eva,Sas,Paris,8,Écologiste et Social,1050.0,503,1,F
340343,Hervé,Saulignac,Ardèche,1,Socialistes et apparentés,1000,504,0,M
721314,Raphaël,Schellenberger,Haut-Rhin,4,Non inscrit,1000,505,0,M
796050,Philippe,Schreck,Var,8,Rassemblement National,1048.0,506,1,M
795808,Sabrina,Sebaihi,Hauts-de-Seine,4,Écologiste et Social,950.0,507,1,F
757225,Mikaele,Seo,Wallis-et-Futuna,1,Ensemble pour la République,1000,508,0,M
793416,Freddy,Sertin,Calvados,6,Ensemble pour la République,952.0,509,1,M
720960,Olivier,Serva,Guadeloupe,1,"Libertés, Indépendants, Outre-mer et Territoires",1000,510,0,M
842255,Anne,Sicard,Val-d'Oise,1,Rassemblement National,1007.0,511,2,F
841091,Arnaud,Simion,Haute-Garonne,6,Socialistes et apparentés,1000,512,0,M
796018,Danielle,Simonnet,Paris,15,Écologiste et Social,1012.0,513,3,F
794802,Charles,Sitzenstuhl,Bas-Rhin,5,Ensemble pour la République,1000,514,0,M
720190,Bertrand,Sorre,Manche,2,Ensemble pour la République,1000,515,0,M
841681,Thierry,Sother,Bas-Rhin,3,Socialistes et apparentés,1048.0,516,1,M
795466,Ersilia,Soudais,Seine-et-Marne,7,La France insoumise - Nouveau Front Populaire,1003.0,517,2,F
794486,Violette,Spillebout,Nord,9,Ensemble pour la République,1080.0,518,5,F
793744,Anne,Stambach-Terrenoir,Haute-Garonne,2,La France insoumise - Nouveau Front Populaire,1040.0,519,1,F
267794,Michèle,Tabarot,Alpes-Maritimes,9,Droite Républicaine,936.0,520,2,F
793382,Emmanuel,Taché,Bouches-du-Rhône,16,Rassemblement National,1048.0,521,1,M
720952,Aurélien,Taché,Val-d'Oise,10,La France insoumise - Nouveau Front Populaire,1000,522,0,M
736201,Sophie,Taillé-Polian,Val-de-Marne,11,Écologiste et Social,952.0,523,1,F
794178,Jean-Pierre,Taite,Loire,6,Droite Républicaine,1050.0,524,1,M
719550,Liliana,Tanguy,Finistère,7,Ensemble pour la République,1000,525,0,M
795778,Jean-Philippe,Tanguy,Somme,4,Rassemblement National,1000,526,0,M
793796,David,Taupiac,Gers,2,"Libertés, Indépendants, Outre-mer et Territoires",1000,527,0,M
794106,Andrée,Taurinya,Loire,2,La France insoumise - Nouveau Front Populaire,991.0,528,2,F
794166,Matthias,Tavel,Loire-Atlantique,8,La France insoumise - Nouveau Front Populaire,1000,529,0,M
794502,Michaël,Taverne,Nord,12,Rassemblement National,1000,530,0,M
841713,Boris,Tavernier,Rhône,2,Écologiste et Social,1048.0,531,1,M
721584,Jean,Terlier,Tarn,3,Ensemble pour la République,1048.5,532,1,M
841553,Thierry,Tesson,Nord,17,Rassemblement National,1000,533,0,M
795920,Prisca,Thevenot,Hauts-de-Seine,8,Ensemble pour la République,1000,534,0,F
793948,Nicolas,Thierry,Gironde,2,Écologiste et Social,1000,535,0,M
719822,Sabine,Thillaye,Indre-et-Loire,5,Les Démocrates,985.0,536,3,F
841893,Céline,Thiébault-Martinez,Seine-et-Marne,9,Socialistes et apparentés,1052.0,537,1,F
722336,Vincent,Thiébaut,Bas-Rhin,9,Horizons & Indépendants,1000,538,0,M
643089,Jean-Louis,Thiériot,Seine-et-Marne,3,Droite Républicaine,1000,539,0,M
793816,Mélanie,Thomin,Finistère,6,Socialistes et apparentés,986.0,540,1,F
793298,Lionel,Tivoli,Alpes-Maritimes,2,Rassemblement National,1000,541,0,M
842299,Emmanuel,Tjibaou,Nouvelle-Calédonie,2,Gauche Démocrate et Républicaine,1000,542,0,M
840781,Romain,Tonussi,Bouches-du-Rhône,8,Rassemblement National,1000,543,0,M
607395,Stéphane,Travert,Manche,3,Ensemble pour la République,1000,544,0,M
795164,Aurélie,Trouvé,Seine-Saint-Denis,9,La France insoumise - Nouveau Front Populaire,957.0,545,1,F
840685,Vincent,Trébuchet,Ardèche,2,Union des droites pour la République,1000,546,0,M
722162,Nicolas,Turquois,Vienne,4,Les Démocrates,1000,547,0,M
719930,Boris,Vallaud,Landes,3,Socialistes et apparentés,1000,548,0,M
795350,Frédéric,Valletoux,Seine-et-Marne,2,Horizons & Indépendants,1000,549,0,M
795596,Paul,Vannier,Val-d'Oise,5,La France insoumise - Nouveau Front Populaire,1000,550,0,M
794118,Antoine,Vermorel-Marques,Loire,5,Droite Républicaine,1000,551,0,M
840809,Gérault,Verny,Bouches-du-Rhône,14,Union des droites pour la République,1000,552,0,M
794494,Roger,Vicot,Nord,11,Socialistes et apparentés,1000,553,0,M
722102,Annie,Vidal,Seine-Maritime,2,Ensemble pour la République,1000,554,0,F
331582,Philippe,Vigier,Eure-et-Loir,4,Les Démocrates,1000,555,0,M
607090,Jean-Pierre,Vigier,Haute-Loire,2,Droite Républicaine,1000,556,0,M
719512,Corinne,Vignon,Haute-Garonne,3,Ensemble pour la République,1048.0,557,4,F
794946,Antoine,Villedieu,Haute-Saône,1,Rassemblement National,1000,558,0,M
795026,Anne-Cécile,Violland,Haute-Savoie,5,Horizons & Indépendants,918.0,559,2,F
721474,Stéphane,Viry,Vosges,1,"Libertés, Indépendants, Outre-mer et Territoires",1000,560,0,M
841575,Frédéric-Pierre,Vos,Oise,5,Rassemblement National,1000,561,0,M
2940,Dominique,Voynet,Doubs,2,Écologiste et Social,1000,562,0,F
793194,Lionel,Vuibert,Ardennes,1,Non inscrit,1000,563,0,M
2952,Jean-Luc,Warsmann,Ardennes,3,"Libertés, Indépendants, Outre-mer et Territoires",1000,564,0,M
267285,Laurent,Wauquiez,Haute-Loire,1,Droite Républicaine,1000,565,0,M
841479,Frédéric,Weber,Meurthe-et-Moselle,3,Rassemblement National,1000,566,0,M
720992,Jiovanny,William,Martinique,1,Socialistes et apparentés,1000,567,0,M
2960,Éric,Woerth,Oise,4,Ensemble pour la République,1000,568,0,M
795046,Caroline,Yadan,Français établis hors de France,8,Ensemble pour la République,996.0,569,2,F
796078,Estelle,Youssouffa,Mayotte,1,"Libertés, Indépendants, Outre-mer et Territoires",973.0,570,3,F
942,Charles,de Courson,Marne,5,"Libertés, Indépendants, Outre-mer et Territoires",1000,571,0,M
841613,Marc,de Fleurian,Pas-de-Calais,7,Rassemblement National,1000,572,0,M
642988,Hervé,de Lépinau,Vaucluse,3,Rassemblement National,1000,573,0,M
842141,Élisabeth,de Maistre,Hauts-de-Seine,9,Droite Républicaine,1062.0,574,5,F
841359,Constance,de Pélichy,Loiret,3,"Libertés, Indépendants, Outre-mer et Territoires",1052.0,575,2,F
